Redirect from,Redirect to
/products/revital-c-serum,/collections/%D7%A7%D7%95%D7%9C%D7%A7%D7%A6%D7%99%D7%99%D7%AA-%D7%9E%D7%95%D7%A6%D7%A8%D7%99-%D7%98%D7%99%D7%A4%D7%95%D7%97-%D7%94%D7%A9%D7%99%D7%A2%D7%A8-%D7%A9%D7%9C%D7%A0%D7%95
/products/anua-heartleaf-77-soothing-toner,/collections/%D7%A7%D7%95%D7%9C%D7%A7%D7%A6%D7%99%D7%99%D7%AA-%D7%9E%D7%95%D7%A6%D7%A8%D7%99-%D7%98%D7%99%D7%A4%D7%95%D7%97-%D7%94%D7%A9%D7%99%D7%A2%D7%A8-%D7%A9%D7%9C%D7%A0%D7%95
/products/anua-niacinamide-10-txa-4-dark-spot-correcting-serum,/collections/%D7%A7%D7%95%D7%9C%D7%A7%D7%A6%D7%99%D7%99%D7%AA-%D7%9E%D7%95%D7%A6%D7%A8%D7%99-%D7%98%D7%99%D7%A4%D7%95%D7%97-%D7%94%D7%A9%D7%99%D7%A2%D7%A8-%D7%A9%D7%9C%D7%A0%D7%95
/products/anua-heartleaf-pore-control-cleansing-oil,/collections/%D7%A7%D7%95%D7%9C%D7%A7%D7%A6%D7%99%D7%99%D7%AA-%D7%9E%D7%95%D7%A6%D7%A8%D7%99-%D7%98%D7%99%D7%A4%D7%95%D7%97-%D7%94%D7%A9%D7%99%D7%A2%D7%A8-%D7%A9%D7%9C%D7%A0%D7%95
/products/seapuri-scalpy-hair-serum,/collections/%D7%A7%D7%95%D7%9C%D7%A7%D7%A6%D7%99%D7%99%D7%AA-%D7%9E%D7%95%D7%A6%D7%A8%D7%99-%D7%98%D7%99%D7%A4%D7%95%D7%97-%D7%94%D7%A9%D7%99%D7%A2%D7%A8-%D7%A9%D7%9C%D7%A0%D7%95
/products/beauty-of-joseon-ground-rice-and-honey-glow-mask,/collections/%D7%A7%D7%95%D7%9C%D7%A7%D7%A6%D7%99%D7%99%D7%AA-%D7%9E%D7%95%D7%A6%D7%A8%D7%99-%D7%98%D7%99%D7%A4%D7%95%D7%97-%D7%94%D7%A9%D7%99%D7%A2%D7%A8-%D7%A9%D7%9C%D7%A0%D7%95
/products/medicube-pdrn-pink-peptide-serum,/collections/%D7%A7%D7%95%D7%9C%D7%A7%D7%A6%D7%99%D7%99%D7%AA-%D7%9E%D7%95%D7%A6%D7%A8%D7%99-%D7%98%D7%99%D7%A4%D7%95%D7%97-%D7%94%D7%A9%D7%99%D7%A2%D7%A8-%D7%A9%D7%9C%D7%A0%D7%95
/products/beauty-of-joseon-glow-deep-serum-rice-alpha-arbutin,/collections/%D7%A7%D7%95%D7%9C%D7%A7%D7%A6%D7%99%D7%99%D7%AA-%D7%9E%D7%95%D7%A6%D7%A8%D7%99-%D7%98%D7%99%D7%A4%D7%95%D7%97-%D7%94%D7%A9%D7%99%D7%A2%D7%A8-%D7%A9%D7%9C%D7%A0%D7%95
/products/crown-affair-the-renewal-hydrating-hair-mask-vegan-cruelty-free-hair-moisturizer-for-dry-damaged-hair,/collections/%D7%A7%D7%95%D7%9C%D7%A7%D7%A6%D7%99%D7%99%D7%AA-%D7%9E%D7%95%D7%A6%D7%A8%D7%99-%D7%98%D7%99%D7%A4%D7%95%D7%97-%D7%94%D7%A9%D7%99%D7%A2%D7%A8-%D7%A9%D7%9C%D7%A0%D7%95
/products/the-body-wash-olibanum-radiance-treatment-body-wash-with-vitamin-c-enzymes-for-visibly-radiant-skin,/collections/%D7%A7%D7%95%D7%9C%D7%A7%D7%A6%D7%99%D7%99%D7%AA-%D7%9E%D7%95%D7%A6%D7%A8%D7%99-%D7%98%D7%99%D7%A4%D7%95%D7%97-%D7%94%D7%A9%D7%99%D7%A2%D7%A8-%D7%A9%D7%9C%D7%A0%D7%95
/products/beauty-of-joseon-relief-sun-aqua-fresh-rice-b5-spf-50-pa-2-packs,/collections/%D7%A7%D7%95%D7%9C%D7%A7%D7%A6%D7%99%D7%99%D7%AA-%D7%9E%D7%95%D7%A6%D7%A8%D7%99-%D7%98%D7%99%D7%A4%D7%95%D7%97-%D7%94%D7%A9%D7%99%D7%A2%D7%A8-%D7%A9%D7%9C%D7%A0%D7%95
/products/beauty-of-joseon-matte-sun-stick-mugwort-camelia-spf-50-pa,/collections/%D7%A7%D7%95%D7%9C%D7%A7%D7%A6%D7%99%D7%99%D7%AA-%D7%9E%D7%95%D7%A6%D7%A8%D7%99-%D7%98%D7%99%D7%A4%D7%95%D7%97-%D7%94%D7%A9%D7%99%D7%A2%D7%A8-%D7%A9%D7%9C%D7%A0%D7%95
/products/beauty-of-joseon-glow-serum-propolis-niacinamide,/collections/%D7%A7%D7%95%D7%9C%D7%A7%D7%A6%D7%99%D7%99%D7%AA-%D7%9E%D7%95%D7%A6%D7%A8%D7%99-%D7%98%D7%99%D7%A4%D7%95%D7%97-%D7%94%D7%A9%D7%99%D7%A2%D7%A8-%D7%A9%D7%9C%D7%A0%D7%95
/products/beauty-of-joseon-pore-firming-serum-red-bean-pdrn-peptide,/collections/%D7%A7%D7%95%D7%9C%D7%A7%D7%A6%D7%99%D7%99%D7%AA-%D7%9E%D7%95%D7%A6%D7%A8%D7%99-%D7%98%D7%99%D7%A4%D7%95%D7%97-%D7%94%D7%A9%D7%99%D7%A2%D7%A8-%D7%A9%D7%9C%D7%A0%D7%95
/products/beauty-of-joseon-revive-eye-serum-ginseng-retinal,/collections/%D7%A7%D7%95%D7%9C%D7%A7%D7%A6%D7%99%D7%99%D7%AA-%D7%9E%D7%95%D7%A6%D7%A8%D7%99-%D7%98%D7%99%D7%A4%D7%95%D7%97-%D7%94%D7%A9%D7%99%D7%A2%D7%A8-%D7%A9%D7%9C%D7%A0%D7%95
/products/beauty-of-joseon-dynasty-cream,/collections/%D7%A7%D7%95%D7%9C%D7%A7%D7%A6%D7%99%D7%99%D7%AA-%D7%9E%D7%95%D7%A6%D7%A8%D7%99-%D7%98%D7%99%D7%A4%D7%95%D7%97-%D7%94%D7%A9%D7%99%D7%A2%D7%A8-%D7%A9%D7%9C%D7%A0%D7%95
/products/beauty-of-joseon-relief-sun-rice-probiotics-spf-50-pa,/collections/%D7%A7%D7%95%D7%9C%D7%A7%D7%A6%D7%99%D7%99%D7%AA-%D7%9E%D7%95%D7%A6%D7%A8%D7%99-%D7%98%D7%99%D7%A4%D7%95%D7%97-%D7%94%D7%A9%D7%99%D7%A2%D7%A8-%D7%A9%D7%9C%D7%A0%D7%95
/products/beauty-of-joseon-ginseng-cleansing-oil,/collections/%D7%A7%D7%95%D7%9C%D7%A7%D7%A6%D7%99%D7%99%D7%AA-%D7%9E%D7%95%D7%A6%D7%A8%D7%99-%D7%98%D7%99%D7%A4%D7%95%D7%97-%D7%94%D7%A9%D7%99%D7%A2%D7%A8-%D7%A9%D7%9C%D7%A0%D7%95
/products/cosrx-advanced-snail-96-mucin-power-essence,/collections/%D7%A7%D7%95%D7%9C%D7%A7%D7%A6%D7%99%D7%99%D7%AA-%D7%9E%D7%95%D7%A6%D7%A8%D7%99-%D7%98%D7%99%D7%A4%D7%95%D7%97-%D7%94%D7%A9%D7%99%D7%A2%D7%A8-%D7%A9%D7%9C%D7%A0%D7%95
/products/cosrx-the-6-peptide-skin-booster,/collections/%D7%A7%D7%95%D7%9C%D7%A7%D7%A6%D7%99%D7%99%D7%AA-%D7%9E%D7%95%D7%A6%D7%A8%D7%99-%D7%98%D7%99%D7%A4%D7%95%D7%97-%D7%94%D7%A9%D7%99%D7%A2%D7%A8-%D7%A9%D7%9C%D7%A0%D7%95
/products/cosrx-acne-pimple-master-patch,/collections/%D7%A7%D7%95%D7%9C%D7%A7%D7%A6%D7%99%D7%99%D7%AA-%D7%9E%D7%95%D7%A6%D7%A8%D7%99-%D7%98%D7%99%D7%A4%D7%95%D7%97-%D7%94%D7%A9%D7%99%D7%A2%D7%A8-%D7%A9%D7%9C%D7%A0%D7%95
/products/cosrx-advanced-snail-mucin-glass-glow-hydrogel-mask,/collections/%D7%A7%D7%95%D7%9C%D7%A7%D7%A6%D7%99%D7%99%D7%AA-%D7%9E%D7%95%D7%A6%D7%A8%D7%99-%D7%98%D7%99%D7%A4%D7%95%D7%97-%D7%94%D7%A9%D7%99%D7%A2%D7%A8-%D7%A9%D7%9C%D7%A0%D7%95
/products/cosrx-advanced-snail-92-all-in-one-cream,/collections/%D7%A7%D7%95%D7%9C%D7%A7%D7%A6%D7%99%D7%99%D7%AA-%D7%9E%D7%95%D7%A6%D7%A8%D7%99-%D7%98%D7%99%D7%A4%D7%95%D7%97-%D7%94%D7%A9%D7%99%D7%A2%D7%A8-%D7%A9%D7%9C%D7%A0%D7%95
/products/cosrx-aloe-54-2-aqua-tone-up-sunscreen-spf50-pa,/collections/%D7%A7%D7%95%D7%9C%D7%A7%D7%A6%D7%99%D7%99%D7%AA-%D7%9E%D7%95%D7%A6%D7%A8%D7%99-%D7%98%D7%99%D7%A4%D7%95%D7%97-%D7%94%D7%A9%D7%99%D7%A2%D7%A8-%D7%A9%D7%9C%D7%A0%D7%95
/products/anti-aging-tinted-moisturizer-sunscreen-broad-spectrum-spf-30-by-chica-beauty,/collections/%D7%A7%D7%95%D7%9C%D7%A7%D7%A6%D7%99%D7%99%D7%AA-%D7%9E%D7%95%D7%A6%D7%A8%D7%99-%D7%98%D7%99%D7%A4%D7%95%D7%97-%D7%94%D7%A9%D7%99%D7%A2%D7%A8-%D7%A9%D7%9C%D7%A0%D7%95
/products/dr-althea-147-barrier-cream,/collections/%D7%A7%D7%95%D7%9C%D7%A7%D7%A6%D7%99%D7%99%D7%AA-%D7%9E%D7%95%D7%A6%D7%A8%D7%99-%D7%98%D7%99%D7%A4%D7%95%D7%97-%D7%94%D7%A9%D7%99%D7%A2%D7%A8-%D7%A9%D7%9C%D7%A0%D7%95
/products/dr-althea-345-relief-cream,/collections/%D7%A7%D7%95%D7%9C%D7%A7%D7%A6%D7%99%D7%99%D7%AA-%D7%9E%D7%95%D7%A6%D7%A8%D7%99-%D7%98%D7%99%D7%A4%D7%95%D7%97-%D7%94%D7%A9%D7%99%D7%A2%D7%A8-%D7%A9%D7%9C%D7%A0%D7%95
/products/blue-crystalline-face-serum-15ml-elles-2023-first-class-beauty-best-serum-winner,/collections/%D7%A7%D7%95%D7%9C%D7%A7%D7%A6%D7%99%D7%99%D7%AA-%D7%9E%D7%95%D7%A6%D7%A8%D7%99-%D7%98%D7%99%D7%A4%D7%95%D7%97-%D7%94%D7%A9%D7%99%D7%A2%D7%A8-%D7%A9%D7%9C%D7%A0%D7%95
/products/superactive-serum,/collections/%D7%A7%D7%95%D7%9C%D7%A7%D7%A6%D7%99%D7%99%D7%AA-%D7%9E%D7%95%D7%A6%D7%A8%D7%99-%D7%98%D7%99%D7%A4%D7%95%D7%97-%D7%94%D7%A9%D7%99%D7%A2%D7%A8-%D7%A9%D7%9C%D7%A0%D7%95
/products/goodal-green-tangerine-vitamin-c-dark-spot-serum-alpha,/collections/%D7%A7%D7%95%D7%9C%D7%A7%D7%A6%D7%99%D7%99%D7%AA-%D7%9E%D7%95%D7%A6%D7%A8%D7%99-%D7%98%D7%99%D7%A4%D7%95%D7%97-%D7%94%D7%A9%D7%99%D7%A2%D7%A8-%D7%A9%D7%9C%D7%A0%D7%95
/products/skin-memory-serum,/collections/%D7%A7%D7%95%D7%9C%D7%A7%D7%A6%D7%99%D7%99%D7%AA-%D7%9E%D7%95%D7%A6%D7%A8%D7%99-%D7%98%D7%99%D7%A4%D7%95%D7%97-%D7%94%D7%A9%D7%99%D7%A2%D7%A8-%D7%A9%D7%9C%D7%A0%D7%95
/products/im-from-rice-toner,/collections/%D7%A7%D7%95%D7%9C%D7%A7%D7%A6%D7%99%D7%99%D7%AA-%D7%9E%D7%95%D7%A6%D7%A8%D7%99-%D7%98%D7%99%D7%A4%D7%95%D7%97-%D7%94%D7%A9%D7%99%D7%A2%D7%A8-%D7%A9%D7%9C%D7%A0%D7%95
/products/laneige-water-sleeping-mask,/collections/%D7%A7%D7%95%D7%9C%D7%A7%D7%A6%D7%99%D7%99%D7%AA-%D7%9E%D7%95%D7%A6%D7%A8%D7%99-%D7%98%D7%99%D7%A4%D7%95%D7%97-%D7%94%D7%A9%D7%99%D7%A2%D7%A8-%D7%A9%D7%9C%D7%A0%D7%95
/products/purito-seoul-daily-soft-touch-sunscreen,/collections/%D7%A7%D7%95%D7%9C%D7%A7%D7%A6%D7%99%D7%99%D7%AA-%D7%9E%D7%95%D7%A6%D7%A8%D7%99-%D7%98%D7%99%D7%A4%D7%95%D7%97-%D7%94%D7%A9%D7%99%D7%A2%D7%A8-%D7%A9%D7%9C%D7%A0%D7%95
/products/vichy-mineral-89-hyaluronic-acid-booster-serum-booster-50ml,/collections/%D7%A7%D7%95%D7%9C%D7%A7%D7%A6%D7%99%D7%99%D7%AA-%D7%9E%D7%95%D7%A6%D7%A8%D7%99-%D7%98%D7%99%D7%A4%D7%95%D7%97-%D7%94%D7%A9%D7%99%D7%A2%D7%A8-%D7%A9%D7%9C%D7%A0%D7%95
/products/kerastase-genesis-fortifiant-hair-serum-3-oz,/collections/%D7%A7%D7%95%D7%9C%D7%A7%D7%A6%D7%99%D7%99%D7%AA-%D7%9E%D7%95%D7%A6%D7%A8%D7%99-%D7%98%D7%99%D7%A4%D7%95%D7%97-%D7%94%D7%A9%D7%99%D7%A2%D7%A8-%D7%A9%D7%9C%D7%A0%D7%95
/products/hair-biology-argan-oil-taming-serum-with-biotin-for-dull-frizzy-or-dry-3-2-fl-oz,/collections/%D7%A7%D7%95%D7%9C%D7%A7%D7%A6%D7%99%D7%99%D7%AA-%D7%9E%D7%95%D7%A6%D7%A8%D7%99-%D7%98%D7%99%D7%A4%D7%95%D7%97-%D7%94%D7%A9%D7%99%D7%A2%D7%A8-%D7%A9%D7%9C%D7%A0%D7%95
/products/philip-b-everyday-beautiful-dry-shampoo-sicilian-neroli-8-8-fl-oz,/collections/%D7%A7%D7%95%D7%9C%D7%A7%D7%A6%D7%99%D7%99%D7%AA-%D7%9E%D7%95%D7%A6%D7%A8%D7%99-%D7%98%D7%99%D7%A4%D7%95%D7%97-%D7%94%D7%A9%D7%99%D7%A2%D7%A8-%D7%A9%D7%9C%D7%A0%D7%95
/products/pure-growth-hair-serum,/collections/%D7%A7%D7%95%D7%9C%D7%A7%D7%A6%D7%99%D7%99%D7%AA-%D7%9E%D7%95%D7%A6%D7%A8%D7%99-%D7%98%D7%99%D7%A4%D7%95%D7%97-%D7%94%D7%A9%D7%99%D7%A2%D7%A8-%D7%A9%D7%9C%D7%A0%D7%95
/products/round-lab-birch-juice-moisturizing-serum,/collections/%D7%A7%D7%95%D7%9C%D7%A7%D7%A6%D7%99%D7%99%D7%AA-%D7%9E%D7%95%D7%A6%D7%A8%D7%99-%D7%98%D7%99%D7%A4%D7%95%D7%97-%D7%94%D7%A9%D7%99%D7%A2%D7%A8-%D7%A9%D7%9C%D7%A0%D7%95
/products/round-lab-birch-juice-moisturizing-uv-lock-sunscreen,/collections/%D7%A7%D7%95%D7%9C%D7%A7%D7%A6%D7%99%D7%99%D7%AA-%D7%9E%D7%95%D7%A6%D7%A8%D7%99-%D7%98%D7%99%D7%A4%D7%95%D7%97-%D7%94%D7%A9%D7%99%D7%A2%D7%A8-%D7%A9%D7%9C%D7%A0%D7%95
/products/skin1004-madagascar-centella-niacinamide-10-boosting-shot-ampoule,/collections/%D7%A7%D7%95%D7%9C%D7%A7%D7%A6%D7%99%D7%99%D7%AA-%D7%9E%D7%95%D7%A6%D7%A8%D7%99-%D7%98%D7%99%D7%A4%D7%95%D7%97-%D7%94%D7%A9%D7%99%D7%A2%D7%A8-%D7%A9%D7%9C%D7%A0%D7%95
/products/skin1004-madagascar-centella-hyalu-cica-water-fit-sun-serum-spf50-pa,/collections/%D7%A7%D7%95%D7%9C%D7%A7%D7%A6%D7%99%D7%99%D7%AA-%D7%9E%D7%95%D7%A6%D7%A8%D7%99-%D7%98%D7%99%D7%A4%D7%95%D7%97-%D7%94%D7%A9%D7%99%D7%A2%D7%A8-%D7%A9%D7%9C%D7%A0%D7%95
/products/4-in-1-red-light-therapy-wand-activating-serum-kit,/collections/%D7%A7%D7%95%D7%9C%D7%A7%D7%A6%D7%99%D7%99%D7%AA-%D7%9E%D7%95%D7%A6%D7%A8%D7%99-%D7%98%D7%99%D7%A4%D7%95%D7%97-%D7%94%D7%A9%D7%99%D7%A2%D7%A8-%D7%A9%D7%9C%D7%A0%D7%95
/products/pre-probiotic-nourishing-moisturizer,/collections/%D7%A7%D7%95%D7%9C%D7%A7%D7%A6%D7%99%D7%99%D7%AA-%D7%9E%D7%95%D7%A6%D7%A8%D7%99-%D7%98%D7%99%D7%A4%D7%95%D7%97-%D7%94%D7%A9%D7%99%D7%A2%D7%A8-%D7%A9%D7%9C%D7%A0%D7%95
/products/tirtir-mask-fit-red-cushion-24n-latte,/collections/%D7%A7%D7%95%D7%9C%D7%A7%D7%A6%D7%99%D7%99%D7%AA-%D7%9E%D7%95%D7%A6%D7%A8%D7%99-%D7%98%D7%99%D7%A4%D7%95%D7%97-%D7%94%D7%A9%D7%99%D7%A2%D7%A8-%D7%A9%D7%9C%D7%A0%D7%95
/products/torriden-dive-in-low-molecular-hyaluronic-acid-serum,/collections/%D7%A7%D7%95%D7%9C%D7%A7%D7%A6%D7%99%D7%99%D7%AA-%D7%9E%D7%95%D7%A6%D7%A8%D7%99-%D7%98%D7%99%D7%A4%D7%95%D7%97-%D7%94%D7%A9%D7%99%D7%A2%D7%A8-%D7%A9%D7%9C%D7%A0%D7%95
/products/lilyeve-grow-turn-exosome-brush-ampoule,/collections/%D7%A7%D7%95%D7%9C%D7%A7%D7%A6%D7%99%D7%99%D7%AA-%D7%9E%D7%95%D7%A6%D7%A8%D7%99-%D7%98%D7%99%D7%A4%D7%95%D7%97-%D7%94%D7%A9%D7%99%D7%A2%D7%A8-%D7%A9%D7%9C%D7%A0%D7%95
/products/medicube-zero-pore-pad-2-0,/collections/%D7%A7%D7%95%D7%9C%D7%A7%D7%A6%D7%99%D7%99%D7%AA-%D7%9E%D7%95%D7%A6%D7%A8%D7%99-%D7%98%D7%99%D7%A4%D7%95%D7%97-%D7%94%D7%A9%D7%99%D7%A2%D7%A8-%D7%A9%D7%9C%D7%A0%D7%95
/products/medicube-zero-pore-pad-mild,/collections/%D7%A7%D7%95%D7%9C%D7%A7%D7%A6%D7%99%D7%99%D7%AA-%D7%9E%D7%95%D7%A6%D7%A8%D7%99-%D7%98%D7%99%D7%A4%D7%95%D7%97-%D7%94%D7%A9%D7%99%D7%A2%D7%A8-%D7%A9%D7%9C%D7%A0%D7%95
/products/medicube-pdrn-pink-collagen-capsule-cream,/collections/%D7%A7%D7%95%D7%9C%D7%A7%D7%A6%D7%99%D7%99%D7%AA-%D7%9E%D7%95%D7%A6%D7%A8%D7%99-%D7%98%D7%99%D7%A4%D7%95%D7%97-%D7%94%D7%A9%D7%99%D7%A2%D7%A8-%D7%A9%D7%9C%D7%A0%D7%95
